2026-03-20 11:02:08,-9152,3000,-2752,1146,4648,-789
2026-03-20 11:02:09,-15280,-700,772,936,324,-595
2026-03-20 11:02:10,-12684,3040,-4636,556,-528,1342
2026-03-20 11:02:11,-14624,3484,-2900,493,-2004,1257
2026-03-20 11:02:13,-13780,-2836,-3716,2318,830,1463
2026-03-20 11:02:14,-14600,-1780,-2892,1872,1499,-185
2026-03-20 11:02:15,-16904,252,-4828,1154,-1041,-912
2026-03-20 11:02:16,-16784,-2076,-2392,1333,502,217
2026-03-20 11:02:18,-14044,-120,-4156,1874,362,-3246
2026-03-20 11:02:19,-11944,4536,-5040,2875,882,-490
2026-03-20 11:02:20,-21316,-1924,664,2912,-1399,-478
2026-03-20 11:02:22,-15908,4148,-1988,2329,-15,-228
2026-03-20 11:02:23,-15640,-1516,-1460,2158,-261,281
2026-03-20 11:02:24,-21076,-2480,292,2076,-934,-839
2026-03-20 11:02:25,-17608,4464,-1964,3733,2736,-5680
2026-03-20 11:02:27,-15412,3476,-728,3659,3837,102
2026-03-20 11:02:28,-18916,-2192,1096,12491,4565,1476
2026-03-20 11:02:29,-14676,7228,-6600,11120,-2393,700
2026-03-20 11:02:30,-16500,2132,-3628,318,528,-724
2026-03-20 11:02:32,-18320,92,-1316,-3324,734,-2636
2026-03-20 11:02:33,-15008,7724,-1372,-113,-454,412
2026-03-20 11:02:34,-8020,2664,-7424,152,-1036,-542
2026-03-20 11:02:35,-22752,-2600,-1540,-189,-541,-397
2026-03-20 11:02:37,-15572,-496,-4804,-897,625,880
2026-03-20 11:02:38,-21592,3660,-2888,194,898,-946
2026-03-20 11:02:39,-12604,5024,-8796,1786,632,-386
2026-03-20 11:02:40,-20400,-3600,-2272,-404,1166,-477
2026-03-20 11:02:42,-15644,-4264,-3440,730,137,-1624
2026-03-20 11:02:43,-19180,3300,-5320,477,576,55
2026-03-20 11:02:44,-14344,4532,-5836,936,1655,-341
2026-03-20 11:02:45,-12792,-632,-3084,393,3652,-20
2026-03-20 11:02:47,-14572,5844,-6572,494,95,115
2026-03-20 11:02:48,-18428,-3856,864,177,-2039,-957
2026-03-20 11:02:49,-12644,3480,-4520,989,572,662
2026-03-20 11:02:51,-9956,4604,-6040,1638,974,365
2026-03-20 11:02:52,-14048,4988,-5324,532,1014,-432
2026-03-20 11:02:53,-13364,8196,-10172,729,1040,56
2026-03-20 11:02:54,-14012,5504,-4916,-1609,5004,-1796
2026-03-20 11:02:56,-11932,-892,-4048,-512,1019,-188
2026-03-20 11:02:57,-17104,-3500,-2992,-2406,77,-575
2026-03-20 11:02:58,-17276,5348,-1776,-181,374,284
2026-03-20 11:02:59,-12120,5624,-2900,-1821,1044,-413
2026-03-20 11:03:01,-16428,3304,-2448,583,367,-392
2026-03-20 11:03:02,-18280,-2992,812,661,-419,10
2026-03-20 11:03:03,-22920,908,2724,368,-303,353
2026-03-20 11:03:04,-15456,5904,-3400,274,1947,-470
2026-03-20 11:03:06,-15400,6152,-2716,621,33,-709
2026-03-20 11:03:07,-17432,-676,-1612,-192,578,-270
2026-03-20 11:03:08,-15184,5260,-916,872,1343,-924
2026-03-20 11:03:09,-21008,2932,-768,-8,-588,2611
2026-03-20 11:03:11,-17876,1664,-1124,-3,1012,9335
2026-03-20 11:03:12,-14176,-152,-2948,356,281,835
2026-03-20 11:03:13,-15820,568,-1732,1363,1692,351
2026-03-20 11:03:15,-18500,10536,-1448,125,255,-1385
2026-03-20 11:03:16,-13128,10584,-1424,999,1085,-798
2026-03-20 11:03:17,-15012,868,1744,737,494,3583
2026-03-20 11:03:18,-18696,6300,2112,186,-706,-637
2026-03-20 11:03:20,-18068,7328,-332,500,-1023,-548
2026-03-20 11:03:21,-12856,4224,848,120,744,587
2026-03-20 11:03:22,-21384,7276,1344,732,505,-1349
2026-03-20 11:03:23,-15644,64,1312,101,377,133
2026-03-20 11:03:25,-14548,-1080,-780,162,583,456
2026-03-20 11:03:26,-15940,-384,2648,272,512,-723
2026-03-20 11:03:27,-16540,3116,-636,238,-233,-102
2026-03-20 11:03:28,-17944,7144,-428,709,-525,-281
2026-03-20 11:03:30,-16740,7728,-540,892,482,-1034
2026-03-20 11:03:31,-19076,6996,-596,424,-436,-55
2026-03-20 11:03:32,-16956,-112,1028,-209,613,392
2026-03-20 11:03:33,-9804,-444,1088,306,-176,-578
2026-03-20 11:03:35,-20968,6944,-124,-140,-664,-206
2026-03-20 11:03:36,-15544,56,692,985,166,-633
2026-03-20 11:03:37,-16340,6088,1032,673,337,476
2026-03-20 11:03:39,-26540,4236,3204,691,-92,-596
2026-03-20 11:03:40,-16788,864,-700,794,22,399
2026-03-20 11:03:41,-14544,4496,2220,1023,596,-1288
2026-03-20 11:03:42,-15128,5844,880,0,-1530,-640
2026-03-20 11:03:44,-7536,2132,416,644,828,-102
2026-03-20 11:03:45,-15648,6688,-48,671,718,292
2026-03-20 11:03:46,-20096,5728,2152,-175,-60,-616
2026-03-20 11:03:47,-13216,-2084,-2164,489,1459,133
2026-03-20 11:03:49,-14288,4344,736,546,-346,-53
2026-03-20 11:03:50,-15392,3200,3648,-252,-285,-681
2026-03-20 11:03:51,11544,22928,-772,-4123,14374,-306
2026-03-20 11:03:52,-228,17100,3484,1034,-32768,-2522
2026-03-20 11:03:54,2188,20336,944,-4646,5724,-17690
2026-03-20 11:03:55,920,19408,2564,23914,-32768,-1953
2026-03-20 11:03:56,772,20472,3156,-13444,-32768,-30896
2026-03-20 11:03:57,1188,19420,2616,9472,-32768,-29073
2026-03-20 11:03:59,1748,20736,1760,10009,-32768,-32768
2026-03-20 11:04:00,2040,18992,748,13569,-32768,-29917
2026-03-20 11:04:01,856,20484,3572,11472,-32768,-25481
2026-03-20 11:04:03,3164,20052,4376,11384,-32768,-32768
2026-03-20 11:04:04,3340,17768,1828,6083,-32450,-32768
2026-03-20 11:04:05,692,17524,2584,5356,-32768,-23604
2026-03-20 11:04:06,880,18604,4052,10913,-32768,-19387
2026-03-20 11:04:08,-648,17564,4548,10536,-32768,-4513
2026-03-20 11:04:09,2164,19180,3492,9271,-32768,-24233
2026-03-20 11:04:10,1232,15736,3468,8833,-32768,-29827
2026-03-20 11:04:11,592,15292,2648,-5686,-32768,-32768
2026-03-20 11:04:13,3844,18200,4068,20314,-32768,-32768
2026-03-20 11:04:14,28,21352,4220,9641,-31968,-16036
2026-03-20 11:04:15,1248,21104,4680,18370,-32768,-32768
2026-03-20 11:04:16,1668,18832,2160,-11776,-32768,-32768
2026-03-20 11:04:18,104,16516,3528,5253,-32768,-24963
2026-03-20 11:04:19,2156,18544,1920,-2014,-32567,-32768
2026-03-20 11:04:20,2776,18348,2188,7033,-32768,-32768
2026-03-20 11:04:21,1508,20872,3356,15921,-32768,-32768
2026-03-20 11:04:23,1328,25020,2932,-24851,-32768,-32768
2026-03-20 11:04:24,-380,17652,2932,14337,-32768,-15012
2026-03-20 11:04:25,2148,17048,3264,-8899,-32768,-22099
2026-03-20 11:04:26,84,20800,2636,14451,-32768,-32768
2026-03-20 11:04:28,1392,21020,2448,-8207,-30949,-32768
2026-03-20 11:04:29,1636,22576,3704,16886,-32768,-32768
2026-03-20 11:04:30,1532,17532,4240,7100,-32768,-32065
2026-03-20 11:04:32,2000,20548,3748,17796,-32768,-32768
2026-03-20 11:04:33,2172,17368,2304,-9253,-32768,-32768
2026-03-20 11:04:34,-576,12376,2596,4953,-32768,-31681
2026-03-20 11:04:35,1912,14776,1560,12329,-19443,-21081
2026-03-20 11:04:37,908,18756,2692,7117,-32768,-29091
2026-03-20 11:04:38,1964,17876,4568,10613,-32768,-32768
2026-03-20 11:04:39,672,15720,3856,-10458,-32768,-32768
2026-03-20 11:04:40,564,20908,4216,-1891,-32768,-26274
2026-03-20 11:04:42,2512,17856,2632,8381,-32768,-28781
2026-03-20 11:04:43,-320,17864,2848,-7771,-32768,-26432
2026-03-20 11:04:44,3508,18304,3768,16134,-32768,-26429
2026-03-20 11:04:45,820,19012,3512,3727,-32768,-32768
2026-03-20 11:04:47,1464,15356,2140,-3408,-32768,-31614
2026-03-20 11:04:48,452,18500,2568,2799,-26611,-30477
2026-03-20 11:04:49,2004,19140,4552,5676,-32768,-27315
2026-03-20 11:04:50,860,18980,3060,-3196,-31228,-30155
2026-03-20 11:04:52,3244,19584,4332,18493,-32768,-32768
2026-03-20 11:04:53,1252,16732,2112,5127,-32768,-29019
2026-03-20 11:04:54,2620,18148,3080,6128,-32768,-31548
2026-03-20 11:04:55,1944,19868,3520,3689,-32768,-32768
2026-03-20 11:04:57,1324,19796,3532,-4197,-32768,-32768
2026-03-20 11:04:58,3500,19068,4676,15397,-32768,-32768
2026-03-20 11:04:59,1160,18196,2284,21254,-24396,-10565
2026-03-20 11:05:01,1036,17844,3252,4137,-32768,-24775
2026-03-20 11:05:02,108,20972,2272,607,-32768,-32768
2026-03-20 11:05:03,1280,19184,3060,7113,-32768,-32768
2026-03-20 11:05:04,428,16332,3508,-5272,-32768,-31384
2026-03-20 11:05:06,204,18332,3356,5045,-31948,-13756
2026-03-20 11:05:07,-736,16620,2592,487,-32768,-28471
2026-03-20 11:05:08,568,19644,1984,-1418,-26334,-20428
2026-03-20 11:05:09,2444,18608,2448,13804,-32768,-32768
2026-03-20 11:05:11,-12,19684,3424,-11244,-32768,-32233
2026-03-20 11:05:12,780,16588,2684,9983,-32768,-32768
2026-03-20 11:05:13,2580,20476,3352,13478,-32768,-32768
2026-03-20 11:05:14,1792,17860,3968,-9415,-32768,-28734
2026-03-20 11:05:16,32,16764,3484,818,-32768,-23677
2026-03-20 11:05:17,1192,18516,1788,-1152,-25710,-27304
2026-03-20 11:05:18,1148,19252,3164,3380,-32768,-32768
2026-03-20 11:05:19,1900,18896,3728,7612,-32768,-32768
2026-03-20 11:05:21,732,18788,2352,-13052,-32768,-32768
2026-03-20 11:05:22,1816,22348,3468,2558,-32768,-28562
2026-03-20 11:05:23,1260,15080,2692,8634,-32768,-20605
2026-03-20 11:05:25,-9624,3884,12340,352,228,-407
2026-03-20 11:05:26,-9636,3868,12428,364,252,-446
2026-03-20 11:05:27,-9780,3948,12552,362,232,-413
2026-03-20 11:05:28,-9712,3976,12528,363,265,-396
2026-03-20 11:05:30,-9700,3944,12336,362,203,-399
2026-03-20 11:05:31,-9668,3912,12524,315,215,-408
2026-03-20 11:05:32,-9784,3920,12448,338,232,-382
2026-03-20 11:05:33,-9696,3924,12528,341,267,-399
2026-03-20 11:05:35,-9700,3912,12472,347,231,-387
2026-03-20 11:05:36,-9848,3948,12736,355,229,-420
2026-03-20 11:05:37,-9736,3972,12384,314,236,-390
2026-03-20 11:05:38,-9980,3912,12304,373,201,-391
2026-03-20 11:05:40,-9776,3928,12428,353,213,-397
2026-03-20 11:05:41,-9728,3892,12520,354,234,-393
2026-03-20 11:05:42,-9748,3924,12420,327,249,-417
2026-03-20 11:05:43,-9816,3916,12336,360,243,-378
2026-03-20 11:05:45,-9760,3836,12476,346,214,-424
2026-03-20 11:05:46,-9720,3884,12396,373,220,-374
2026-03-20 11:05:47,-9768,3896,12556,349,11,-422
2026-03-20 11:05:49,-9760,3944,12360,329,3,-417
2026-03-20 11:05:50,-9740,3932,12460,357,212,-372
2026-03-20 11:05:51,-9816,3892,12408,340,272,-356
2026-03-20 11:05:52,-9740,3904,12448,367,193,-354
2026-03-20 11:05:54,-9480,3956,12460,353,246,-384
2026-03-20 11:05:55,-9756,3868,12436,335,252,-382
2026-03-20 11:05:56,-9708,3884,12432,342,246,-387
2026-03-20 11:05:57,-9812,3904,12480,354,204,-404
2026-03-20 11:05:59,-9756,3824,12440,334,507,-390
2026-03-20 11:06:00,-9736,3944,12484,329,201,-393
2026-03-20 11:06:01,-9780,3932,12528,344,205,-404
2026-03-20 11:06:02,-9496,3920,12464,316,238,-412
2026-03-20 11:06:04,-9768,3884,12388,354,206,-369
2026-03-20 11:06:05,-9520,3924,12508,371,217,-393
2026-03-20 11:06:06,-9724,3904,12432,348,233,-390
2026-03-20 11:06:08,-9740,3892,12424,364,2,-368
2026-03-20 11:06:09,-9724,3932,12484,336,253,-381
2026-03-20 11:06:10,-9736,3952,12420,354,230,-409
2026-03-20 11:06:11,-9740,4012,12736,330,238,-387
2026-03-20 11:06:13,-9784,3948,12324,337,211,-394
2026-03-20 11:06:14,-9672,3968,12484,371,248,-384
2026-03-20 11:06:15,-9752,3916,12452,360,227,-339
2026-03-20 11:06:16,-9756,3952,12428,356,238,-391
2026-03-20 11:06:18,-9676,3888,12408,310,255,-429
2026-03-20 11:06:19,-9724,3948,12512,365,236,-375
2026-03-20 11:06:20,-9792,3936,12424,380,239,-374
2026-03-20 11:06:21,-9720,3864,12464,355,218,-396
2026-03-20 11:06:23,-9764,3924,12476,331,250,-385
2026-03-20 11:06:24,-9728,3964,12408,338,200,-423
2026-03-20 11:06:25,-9728,3920,12676,332,268,-406
2026-03-20 11:06:27,-9488,3956,12424,332,260,-422
2026-03-20 11:06:28,-9780,3940,12540,334,223,-391
2026-03-20 11:06:29,-9720,3884,12496,408,231,-312
2026-03-20 11:06:30,-9688,3916,12444,318,205,-369
2026-03-20 11:06:32,-9744,3944,12472,358,223,-404
2026-03-20 11:06:33,-9768,3900,12516,360,503,-346
2026-03-20 11:06:34,-9696,3864,12516,366,235,-365
2026-03-20 11:06:35,-9700,3896,12524,371,509,-380
2026-03-20 11:06:37,-9740,3888,12440,335,236,-362
2026-03-20 11:06:38,-9676,3864,12408,333,269,-441
2026-03-20 11:06:39,-9680,3896,12456,343,203,-402
2026-03-20 11:06:40,-9744,3920,12496,317,511,-417
2026-03-20 11:06:42,-9744,3924,12380,337,227,-384
2026-03-20 11:06:43,-9720,3940,12404,302,242,-413
2026-03-20 11:06:44,-9716,3888,12412,345,236,-406
2026-03-20 11:06:46,-9736,3844,12536,356,268,-351
2026-03-20 11:06:47,-9484,3900,12296,349,273,-405
2026-03-20 11:06:48,-9712,3972,12484,339,222,-362
2026-03-20 11:06:49,-9724,3916,12456,331,204,-377
2026-03-20 11:06:51,-9792,3856,12444,352,304,-401
2026-03-20 11:06:52,-9952,3912,12448,379,7,-409
2026-03-20 11:06:53,-9732,3868,12392,324,239,-407
2026-03-20 11:06:54,-9704,3896,12396,330,247,-404
2026-03-20 11:06:56,-9748,3964,12404,336,222,-376
2026-03-20 11:06:57,-9748,3920,12428,342,188,-410
2026-03-20 11:06:58,-9508,3908,12428,349,223,-391
2026-03-20 11:06:59,-9744,3960,12428,335,251,-390
2026-03-20 11:07:01,-9740,3936,12460,325,225,-393
2026-03-20 11:07:02,-9696,3928,12320,300,241,-383
2026-03-20 11:07:03,-9744,3904,12404,331,231,-374
2026-03-20 11:07:04,-9780,3840,12500,312,223,-405
2026-03-20 11:07:06,-9824,3848,12364,358,230,-399
2026-03-20 11:07:07,-9776,3868,12440,341,229,-376
2026-03-20 11:07:08,-9712,3900,12352,358,221,-401
2026-03-20 11:07:10,-9980,3884,12460,302,226,-400
2026-03-20 11:07:11,-9796,3896,12412,298,239,-396
2026-03-20 11:07:12,-9772,3944,12460,375,202,-352
2026-03-20 11:07:13,-9796,3868,12488,347,204,-393
2026-03-20 11:07:15,-9736,3896,12468,366,244,-406
2026-03-20 11:07:16,-9764,3864,12444,355,207,-374
2026-03-20 11:07:17,-9536,3872,12512,326,246,-376
2026-03-20 11:07:18,-9820,3872,12468,379,241,-393
2026-03-20 11:07:20,-9736,3860,12400,338,176,-373
2026-03-20 11:07:21,-9716,3892,12424,343,1,-416
2026-03-20 11:07:22,-9736,3864,12508,301,241,-379
2026-03-20 11:07:24,-9772,3924,12440,365,220,-370
2026-03-20 11:07:25,-9704,3832,12408,322,229,-360
2026-03-20 11:07:26,-9752,3900,12496,360,223,-409
2026-03-20 11:07:27,-9788,3956,12432,352,202,-417
2026-03-20 11:07:29,-9808,3868,12380,333,225,-377
2026-03-20 11:07:30,-9480,3808,12424,332,234,-395
2026-03-20 11:07:31,-9712,3864,12444,340,208,-375
2026-03-20 11:07:32,-9964,3916,12392,325,219,-378
2026-03-20 11:07:34,-9720,3884,12472,318,224,-407
2026-03-20 11:07:35,-9744,3612,12464,345,200,-368
2026-03-20 11:07:36,-9740,3904,12500,353,213,-380
2026-03-20 11:07:37,-9780,3896,12424,335,198,-377
2026-03-20 11:07:39,-9500,3868,12396,361,227,-389
2026-03-20 11:07:40,-9760,3896,12464,334,230,-411
2026-03-20 11:07:41,-9752,3916,12392,367,245,-389
2026-03-20 11:07:42,-9984,3856,12396,329,268,-406
2026-03-20 11:07:44,-9740,3924,12460,350,238,-423
2026-03-20 11:07:45,-9748,3896,12388,319,230,-378
2026-03-20 11:07:46,-9732,3916,12432,380,230,-438
2026-03-20 11:07:48,-9704,3592,12372,369,219,-328
2026-03-20 11:07:49,-9740,3916,12512,333,226,-393
2026-03-20 11:07:50,-9732,3916,12340,355,204,-394
2026-03-20 11:07:51,-9752,3912,12368,306,242,-390
2026-03-20 11:07:53,-9748,3932,12372,353,243,-388
2026-03-20 11:07:54,-9776,3928,12484,371,231,-377
2026-03-20 11:07:55,-9704,3892,12356,379,272,-407
2026-03-20 11:07:56,-9832,3860,12512,373,295,-403
2026-03-20 11:07:58,-9844,3852,12332,317,253,-430
2026-03-20 11:07:59,-9792,3876,12420,358,509,-387
2026-03-20 11:08:00,-9796,3908,12376,350,238,-397
2026-03-20 11:08:01,-9768,3892,12480,341,225,-369
2026-03-20 11:08:03,-9768,4044,12384,326,213,-399
2026-03-20 11:08:04,-9796,3908,12472,330,243,-384
2026-03-20 11:08:05,-9768,3852,12460,330,220,-434
2026-03-20 11:08:06,-9792,3912,12388,347,0,-400
2026-03-20 11:08:08,-9796,3900,12504,317,242,-399
2026-03-20 11:08:09,-9804,3920,12444,340,226,-366
2026-03-20 11:08:10,-9776,3860,12440,355,220,-367
2026-03-20 11:08:12,-9740,3872,12424,332,243,-430
2026-03-20 11:08:13,-9768,3892,12368,352,241,-383
2026-03-20 11:08:14,-9684,3872,12412,364,203,-402
2026-03-20 11:08:15,-9780,3876,12372,345,243,-398
2026-03-20 11:08:17,-9756,3832,12452,349,244,-395
2026-03-20 11:08:18,-9784,3892,12364,328,240,-390
2026-03-20 11:08:19,-9776,3872,12364,343,264,-396
2026-03-20 11:08:20,-9792,3860,12412,333,5,-392
2026-03-20 11:08:22,-9764,3856,12356,376,223,-417
2026-03-20 11:08:23,-9748,3896,12412,363,195,-397
2026-03-20 11:08:24,-9820,3864,12428,322,15,-397
2026-03-20 11:08:25,-9772,3892,12360,340,231,-364
2026-03-20 11:08:27,-9816,3596,12392,347,179,-387
2026-03-20 11:08:28,-9744,3896,12364,343,171,-342
2026-03-20 11:08:29,-9792,3824,12356,15,330,-492
2026-03-20 11:08:30,-9676,3800,12436,293,181,-343
2026-03-20 11:08:32,-9568,4328,12300,431,-902,370
2026-03-20 11:08:33,11628,-352,7352,-4682,-5588,945
2026-03-20 11:08:34,9324,6376,-576,6290,4369,-8028
2026-03-20 11:08:36,12388,-628,14100,-25169,-11277,-16291
2026-03-20 11:08:37,860,268,7132,8925,4830,953
2026-03-20 11:08:38,6488,788,9236,2710,-5631,-13398
2026-03-20 11:08:39,9936,4636,4288,-6144,-9571,-10247
2026-03-20 11:08:41,6096,11684,5692,4541,3292,5825
2026-03-20 11:08:42,6056,9072,7052,5956,3973,-15756
2026-03-20 11:08:43,-2948,25348,6616,-2086,-1948,-6766
2026-03-20 11:08:44,3356,6600,1220,13297,-3407,-2525
2026-03-20 11:08:46,2564,29328,-4508,10489,12957,1501
2026-03-20 11:08:47,3148,11464,1764,3888,-4545,-1285
2026-03-20 11:08:48,-2312,472,-3500,11115,-4950,5872
2026-03-20 11:08:49,920,9404,-8980,10551,-5480,4777
2026-03-20 11:08:51,8736,6724,-4860,4831,-3159,-3962
2026-03-20 11:08:52,-17444,16948,-304,-1916,-7787,-12336
2026-03-20 11:08:53,-12788,1516,4568,6974,-2233,1698
2026-03-20 11:08:54,-11440,3764,11240,-1534,-983,1599
2026-03-20 11:08:56,-9984,4904,-14676,3051,-5328,-6108
2026-03-20 11:08:57,-5028,9248,-3844,-11178,-4617,-3601
2026-03-20 11:08:58,-1924,15544,-5848,213,-5337,1981
2026-03-20 11:09:00,-4360,16460,-4088,-17045,-1207,11215
2026-03-20 11:09:01,-1900,18148,2788,-2342,10148,4841
2026-03-20 11:09:02,-12528,13216,-9464,-4110,16,-5795
2026-03-20 11:09:03,-1840,11140,-1832,-23763,5383,2390
2026-03-20 11:09:05,12584,20772,-17488,2796,1971,13086
2026-03-20 11:09:06,1984,5852,-3540,-6910,-175,16032
2026-03-20 11:09:07,2528,17268,-10988,-778,2656,6680
2026-03-20 11:09:08,540,10816,-8448,1105,3427,-5807
2026-03-20 11:09:10,-968,10788,-11424,-18,5656,-3451
2026-03-20 11:09:11,-2528,16792,-11228,462,-7183,830
2026-03-20 11:09:12,-668,8964,-4864,3438,-4632,7844
2026-03-20 11:09:13,2860,21988,-12520,-5116,-5393,2583
2026-03-20 11:09:15,-5968,9216,4412,10199,8556,-3313
2026-03-20 11:09:16,3000,14016,-11332,-737,2036,-3298
2026-03-20 11:09:17,1520,17344,-11048,7839,-4867,1089
2026-03-20 11:09:18,540,15604,-13048,1658,-5529,13
2026-03-20 11:09:20,2236,8968,-4124,-4544,-2386,1866
2026-03-20 11:09:21,4620,19832,-9492,-1619,4634,-1153
2026-03-20 11:09:22,7980,22344,-15624,-1556,5678,-10929
2026-03-20 11:09:23,2188,9200,-7088,-3302,3063,-5969
2026-03-20 11:09:25,5976,19068,-11912,3645,-8514,9232
2026-03-20 11:09:26,1536,7140,-4356,-3377,-2440,5761
2026-03-20 11:09:27,-160,21008,-9976,-4244,4192,-114
2026-03-20 11:09:29,1560,13640,-5832,3419,6251,483
2026-03-20 11:09:30,-684,11648,-10156,5697,-2084,-2939
2026-03-20 11:09:31,2892,12324,-17128,-709,-2517,2064
2026-03-20 11:09:32,-780,9632,-3916,-3605,-3276,2562
2026-03-20 11:09:34,2196,14808,-3952,-934,6,11068
2026-03-20 11:09:35,4720,12528,-3388,1185,7542,-4338
2026-03-20 11:09:36,-252,9164,-3104,-1001,-9163,1943
2026-03-20 11:09:37,2532,20036,-10864,-5296,5772,-1078
2026-03-20 11:09:39,1656,16148,-368,723,-5873,-5815
2026-03-20 11:09:40,-288,14308,2708,41,-1735,-3085
2026-03-20 11:09:41,6932,24060,-9964,3574,11305,3613
2026-03-20 11:09:42,904,8396,-3404,2121,-4586,5902
2026-03-20 11:09:44,4092,15752,-7696,1871,-7754,12037
2026-03-20 11:09:45,-848,9504,-2580,2628,-1574,7921
2026-03-20 11:09:46,3756,16956,-5020,-4423,-5290,-7323
2026-03-20 11:09:47,3572,28772,-16636,-2069,3924,-1681
2026-03-20 11:09:49,-344,9176,-4352,-3066,-972,-6982
2026-03-20 11:09:50,1536,21420,-8792,154,-915,2849
2026-03-20 11:09:51,-6368,13888,-4796,8459,-6529,4551
2026-03-20 11:09:53,-2624,16488,-5632,-6647,-3362,-6910
2026-03-20 11:09:54,5200,19648,-9520,1149,995,-3154
2026-03-20 11:09:55,1668,9208,-2064,401,-1284,-4052
2026-03-20 11:09:56,3988,11824,-3876,2593,10853,-4194
2026-03-20 11:09:58,4312,17036,-1356,2721,-6996,-1167
2026-03-20 11:09:59,1088,15540,-1816,-4195,1689,12
2026-03-20 11:10:00,1312,18536,-5500,4019,1928,-4326
2026-03-20 11:10:01,3860,22156,-10108,6341,-12912,5296
2026-03-20 11:10:03,1036,9404,-2956,-2147,-2243,2036
2026-03-20 11:10:04,2472,13060,-3204,628,495,2983
2026-03-20 11:10:05,3172,20044,-4628,-2669,6598,1128
2026-03-20 11:10:06,4724,12304,-3800,-964,-4337,-3570
2026-03-20 11:10:08,4488,11572,-4140,-2000,1194,-10324
2026-03-20 11:10:09,1856,11036,-1940,1454,5116,-1122
2026-03-20 11:10:10,2280,9936,-3992,-881,3936,-4493
2026-03-20 11:10:11,1880,19296,-6868,1201,1373,-1889
2026-03-20 11:10:13,2716,20380,-13672,1681,156,6038
2026-03-20 11:10:14,-208,10028,-2880,-6179,-3167,-4060
2026-03-20 11:10:15,-596,10940,-3376,-3255,-2859,-2040
2026-03-20 11:10:16,-1856,14364,-4272,-4401,-2980,-3806
2026-03-20 11:10:18,808,21528,-6796,-3173,9994,5008
2026-03-20 11:10:19,5308,16128,-6028,-1051,3683,-336
2026-03-20 11:10:20,224,11684,-4504,1288,1795,-353
2026-03-20 11:10:22,2092,12656,-3848,1405,3732,-5466
2026-03-20 11:10:23,1976,21096,-6300,4299,699,-132
2026-03-20 11:10:24,2628,18344,-5708,391,6565,5189
2026-03-20 11:10:25,1432,12160,-1064,4807,-4088,7972
2026-03-20 11:10:27,248,10448,552,-3278,-2269,4666
2026-03-20 11:10:28,552,14872,-3572,449,6892,-4175
2026-03-20 11:10:29,6428,19744,-2032,-2259,425,1790
2026-03-20 11:10:30,6648,22000,-8036,657,1045,153
2026-03-20 11:10:32,1600,14932,-3040,-512,-1752,-5656
2026-03-20 11:10:33,1588,10560,-1420,1547,5088,636
2026-03-20 11:10:34,1156,15156,-3652,137,2984,-801
2026-03-20 11:10:35,1388,20788,-5820,775,470,-73
2026-03-20 11:10:37,864,20268,-5728,2625,-1718,100
2026-03-20 11:10:38,1452,15912,-7840,373,-6330,-3426
2026-03-20 11:10:39,1672,15740,-8204,-1406,46,1719
2026-03-20 11:10:40,-252,11132,-3420,-8434,-2255,457
2026-03-20 11:10:42,272,16012,-1632,2976,-3989,-3290
2026-03-20 11:10:43,3108,23848,-4316,5429,1859,-5845
2026-03-20 11:10:44,7016,21420,-3872,7165,5430,-2674
2026-03-20 11:10:46,1948,9428,-2780,-3584,5766,-3752
2026-03-20 11:10:47,-508,13520,-2068,-1073,3241,-856
2026-03-20 11:10:48,2824,19708,-8084,-3278,-7134,1072
2026-03-20 11:10:49,2428,16232,-7020,-2648,-2686,-4163
2026-03-20 11:10:51,2872,11844,-1680,1736,-5848,-541
2026-03-20 11:10:52,-88,18196,-4280,5368,4582,2427
2026-03-20 11:10:53,1100,19904,-1024,5196,7238,-1837
2026-03-20 11:10:54,1496,18120,2788,6833,5453,-6234
2026-03-20 11:10:56,268,10268,-1252,5495,8795,-2874
2026-03-20 11:10:57,1524,16216,-3296,-202,1305,-3306
2026-03-20 11:10:58,3228,21236,-6976,-1923,-7414,-2475
2026-03-20 11:10:59,2372,10220,-2976,2304,-2995,2680
2026-03-20 11:11:01,1828,13912,-1072,-4634,-299,1132
2026-03-20 11:11:02,3048,20824,-5016,5145,1732,572
2026-03-20 11:11:03,4564,11864,-2552,-3296,-797,726
2026-03-20 11:11:04,10312,15720,-3256,-2587,-6634,-106
2026-03-20 11:11:06,5188,13784,-4616,-2867,-1840,2667
2026-03-20 11:11:07,2256,10948,-2980,6599,13214,-6473
2026-03-20 11:11:08,932,12312,-1840,2172,6307,-1662
2026-03-20 11:11:10,1844,19304,-4564,5533,2701,-3044
2026-03-20 11:11:11,1728,10772,-3136,-10248,-6127,5930
2026-03-20 11:11:12,-584,12700,-2156,-4738,-4366,2754
2026-03-20 11:11:13,4172,21552,-1656,9698,3437,-700
2026-03-20 11:11:15,4064,14460,-652,-1981,2683,-2425
2026-03-20 11:11:16,820,11384,-832,1312,7927,-2866
2026-03-20 11:11:17,3388,24484,-9032,-2566,-6806,357
2026-03-20 11:11:18,2164,18424,-8236,-6544,-22914,478
2026-03-20 11:11:20,652,15420,-692,-1466,-3117,-6952
2026-03-20 11:11:21,4856,7748,-13428,7479,7869,-11258
2026-03-20 11:11:22,-8888,16,-10292,7493,6700,-4410
2026-03-20 11:11:23,-11404,-2136,-6412,12137,13877,-28172
2026-03-20 11:11:25,-2888,-6516,-11108,-6789,6230,-5802
2026-03-20 11:11:26,-3916,-5012,-9124,-1392,-13190,-5468
2026-03-20 11:11:27,-15136,1396,-7380,-6701,3280,-1185
2026-03-20 11:11:28,-14900,5920,-15096,2914,-930,-1975
2026-03-20 11:11:30,-15640,-1140,-16512,11860,-240,5385
2026-03-20 11:11:31,-13300,-1708,-9592,-3038,-286,8962
2026-03-20 11:11:32,-5244,168,-6272,-7081,6221,11351
2026-03-20 11:11:34,-8128,1004,-17336,-1359,6254,-3209
2026-03-20 11:11:35,-16180,-6840,-20376,-1088,-3044,645
2026-03-20 11:11:36,-7888,-816,-7008,-11879,4976,-6224
2026-03-20 11:11:37,-7888,752,-10152,-219,-6903,-3221
2026-03-20 11:11:39,-2468,3180,-14288,631,6989,3687
2026-03-20 11:11:40,9272,652,-10448,-12315,-10692,2617
2026-03-20 11:11:41,12912,4588,12664,10115,-706,-3329
2026-03-20 11:11:42,15104,-1332,-17932,5962,10535,5652
2026-03-20 11:11:44,11468,2164,-21116,1273,-13957,1617
2026-03-20 11:11:45,6624,428,-13084,-2232,5771,-13181
2026-03-20 11:11:46,7572,-580,-10236,3603,3495,-9397
2026-03-20 11:11:47,6872,-3052,-14880,-1443,848,-12732
2026-03-20 11:11:49,9404,-780,-13680,-1597,3523,-4284
2026-03-20 11:11:50,9284,-1724,-14676,6470,2144,-15122
2026-03-20 11:11:51,10008,1192,-13168,2142,-2072,-4870
2026-03-20 11:11:53,11296,1520,-12708,293,104,319
2026-03-20 11:11:54,10792,1044,-12744,-1669,-29,2739
2026-03-20 11:11:55,8824,-88,-14332,-2195,1809,1412
2026-03-20 11:11:56,8440,-256,-14088,1556,-303,-1251
2026-03-20 11:11:58,10656,-212,-16504,-3467,-422,5173
2026-03-20 11:11:59,12544,-1748,-12560,3669,-702,-5074
2026-03-20 11:12:00,8744,1484,-12468,-2833,4090,-6539
2026-03-20 11:12:01,13268,3200,-8208,3700,5470,-5746
2026-03-20 11:12:03,13500,5616,-9040,-1202,-43,436
2026-03-20 11:12:04,13496,5880,-7772,669,1020,30
2026-03-20 11:12:05,13804,5604,-8096,1052,1022,89
2026-03-20 11:12:06,14200,5468,-7772,1646,909,-593
2026-03-20 11:12:08,13044,7360,-6044,-6108,1467,790
2026-03-20 11:12:09,14668,5920,-3268,587,-2451,3718
2026-03-20 11:12:10,12308,1716,-5232,2643,2268,-644
2026-03-20 11:12:11,9880,472,-2804,6756,5259,-5218
2026-03-20 11:12:13,12356,1868,-1460,9140,5544,-2756
2026-03-20 11:12:14,18048,2648,-7180,1212,3352,1818
2026-03-20 11:12:15,20128,-1304,-13716,503,-926,13422
2026-03-20 11:12:17,15284,-1552,-10728,769,-7379,-4438
2026-03-20 11:12:18,7936,1936,-6324,-5351,1716,6538
2026-03-20 11:12:19,10656,1704,-6336,411,1809,-2628
2026-03-20 11:12:20,12828,2676,-8092,-5007,-5637,4208
2026-03-20 11:12:22,18632,68,-10076,2927,2393,6449
2026-03-20 11:12:23,18556,-228,-9880,8680,-395,3483
2026-03-20 11:12:24,16288,-2824,-9456,2514,-177,-4942
2026-03-20 11:12:25,9476,-656,-8464,4341,-3883,-9546
2026-03-20 11:12:27,15156,-2204,-7140,-859,-1552,2465
2026-03-20 11:12:28,22008,-808,-14184,17870,7477,-32193
2026-03-20 11:12:29,9136,1976,-7044,3247,5016,-7913
2026-03-20 11:12:31,13648,-884,-7740,5697,-4006,-3160
2026-03-20 11:12:32,15440,-304,-14456,-573,-5049,2579
2026-03-20 11:12:33,15760,-10456,-15084,-3663,2686,-815
2026-03-20 11:12:34,5012,624,-5988,-6557,3253,-7125
2026-03-20 11:12:36,12036,680,-8748,-2376,90,5043
2026-03-20 11:12:37,2504,-200,-16396,4057,-587,-1115
2026-03-20 11:12:38,4136,-2844,-13164,-10119,17965,-6931
2026-03-20 11:12:39,-132,-1456,-15880,-313,-2830,-120
2026-03-20 11:12:41,8916,4132,-8212,-11365,-14827,2833
2026-03-20 11:12:42,11528,1164,-18544,-118,-2882,11397
2026-03-20 11:12:43,8796,876,-15228,6983,-16081,11809
2026-03-20 11:12:44,6328,-1916,-14456,4061,-5459,-6940
2026-03-20 11:12:46,9476,2844,-11384,-5787,-778,3078
2026-03-20 11:12:47,20080,5996,-3940,-2269,-2907,4923
2026-03-20 11:12:48,6604,15440,160,-3652,12093,4355
2026-03-20 11:12:50,9368,5704,10752,-2342,-1238,2392
2026-03-20 11:12:51,16476,3452,5632,2809,-6863,1455
2026-03-20 11:12:52,12908,4476,9140,-15460,2221,5128
2026-03-20 11:12:53,12200,5284,8152,5933,5614,2723
2026-03-20 11:12:55,11116,2320,9008,10493,1801,365
2026-03-20 11:12:56,18200,376,11300,5617,5141,1208
2026-03-20 11:12:57,15584,4412,8236,2103,2572,1336
2026-03-20 11:12:58,13384,740,9332,5957,10174,9364
2026-03-20 11:13:00,13356,-972,11116,2653,-1348,-850
2026-03-20 11:13:01,13012,1516,15740,5016,-1372,-981
2026-03-20 11:13:02,8564,4404,15376,2979,4282,3099
2026-03-20 11:13:03,8372,3804,14248,4,1064,112
2026-03-20 11:13:05,8176,3180,14756,1639,-2257,1904
2026-03-20 11:13:06,8332,3344,13888,41,197,1186
2026-03-20 11:13:07,8356,3948,15608,1492,2603,737
2026-03-20 11:13:08,6440,4192,13840,-1711,-3095,-2521
2026-03-20 11:13:10,10928,904,11508,-895,-1743,-7821
2026-03-20 11:13:11,7304,1400,12880,-835,7155,6292
2026-03-20 11:13:12,-3156,-5104,17892,225,94,-759
2026-03-20 11:13:13,10208,368,15684,-17360,-3250,15840
2026-03-20 11:13:15,276,-684,18524,4537,-776,-2793
2026-03-20 11:13:16,9240,6824,8880,-632,-2095,1484
2026-03-20 11:13:17,10396,2692,12824,1823,1965,1197
2026-03-20 11:13:19,12184,792,10716,4960,-188,4250
2026-03-20 11:13:20,5384,1496,14108,-3435,707,-2178
2026-03-20 11:13:21,5248,-380,16816,2525,6143,2740
2026-03-20 11:13:22,6960,5364,16872,-1354,499,-8255
2026-03-20 11:13:24,-8600,5496,15764,-12359,3640,-5207
2026-03-20 11:13:25,-12320,2920,6636,-644,1142,-2167
2026-03-20 11:13:26,-13296,5312,8468,210,-32,959
2026-03-20 11:13:27,-10084,3064,12452,-5049,-1777,1389
2026-03-20 11:13:29,-11572,2516,8508,-1380,1194,-4291
2026-03-20 11:13:30,-9544,2952,13348,75,-519,-1950
2026-03-20 11:13:31,-10156,2412,11548,-1317,826,-935
2026-03-20 11:13:32,-8548,1488,14728,3148,6431,2891
2026-03-20 11:13:34,-13544,2908,11052,-4499,6038,6052
2026-03-20 11:13:35,-15880,5676,-1768,-2970,-6838,20353
2026-03-20 11:13:36,-3884,11608,10812,1845,-885,-1415
2026-03-20 11:13:37,-3204,12628,9072,-590,-112,-1038
2026-03-20 11:13:39,-3160,14544,9392,3471,6098,860
2026-03-20 11:13:40,-4500,13608,8576,-1388,-3266,-4157
2026-03-20 11:13:41,-7756,14432,9804,3642,4021,1710
2026-03-20 11:13:42,-5632,12828,4348,-8877,-1084,-5075
2026-03-20 11:13:44,-13820,9052,744,13600,-6290,2819
2026-03-20 11:13:45,-13988,11840,-548,4531,-5887,-796
2026-03-20 11:13:46,-12444,8524,-3208,-11417,3591,-5336
2026-03-20 11:13:48,-7296,3632,14756,1324,1652,-4623
2026-03-20 11:13:49,708,4164,16640,-1591,1471,-2346
2026-03-20 11:13:50,-1760,7292,11408,816,-3813,1525
2026-03-20 11:13:51,-4796,8224,11380,7275,834,-10676
2026-03-20 11:13:53,-8076,-3932,13528,-692,-3596,-995
2026-03-20 11:13:54,-5924,-6948,12808,-592,596,-1340
2026-03-20 11:13:55,-7424,-6824,12384,726,1347,-1019
2026-03-20 11:13:56,-7436,-7412,12048,492,456,-1139
2026-03-20 11:13:58,-7516,-6644,12644,678,561,-325
2026-03-20 11:13:59,-7036,-5356,13512,538,319,175
2026-03-20 11:14:00,-6532,-5364,13568,978,678,-897
2026-03-20 11:14:01,-7632,-5800,12876,-883,6,776
2026-03-20 11:14:03,-8168,-6424,12804,-613,774,54
2026-03-20 11:14:04,-8972,-7776,12016,1099,155,-832
2026-03-20 11:14:05,-8108,-6572,12588,1755,-193,-1271
2026-03-20 11:14:07,-7432,-6360,11988,70,-977,141
2026-03-20 11:14:08,-7644,-6212,11912,-976,1253,-52
2026-03-20 11:14:09,-8052,-6740,11984,1344,-327,-103
2026-03-20 11:14:10,-8156,-6324,12396,671,500,-229
2026-03-20 11:14:12,-7904,-3924,14144,4133,538,-4773
2026-03-20 11:14:13,-4384,568,11548,6650,-1831,-5747
2026-03-20 11:14:14,-5896,3148,11812,4625,364,-9444
2026-03-20 11:14:15,-8472,-3560,11668,-4154,671,11512
2026-03-20 11:14:17,-7960,1472,11640,-4849,4130,10858
2026-03-20 11:14:18,-9308,-7500,23816,-5698,-23415,1385
2026-03-20 11:14:19,-7788,-724,13420,0,1986,46
2026-03-20 11:14:20,-9212,-4168,12840,191,341,-5108
2026-03-20 11:14:22,-9280,3092,12944,36,-3507,159
2026-03-20 11:14:23,-5748,-3468,14408,114,1094,-291
2026-03-20 11:14:24,-7280,-4040,13296,-126,6138,7158
2026-03-20 11:14:25,-8228,-20,12836,11345,-16169,-6763
2026-03-20 11:14:27,-6244,9060,7896,6506,3036,1066
2026-03-20 11:14:28,5168,4544,16292,938,2280,-494
2026-03-20 11:14:29,5196,3840,15364,271,1372,-358
2026-03-20 11:14:31,2228,3752,13256,-138,3134,3890
2026-03-20 11:14:32,5972,-1348,23028,674,-5753,3325
2026-03-20 11:14:33,-576,4700,16624,-1249,4038,6659
2026-03-20 11:14:34,-336,2608,17244,-1599,-2588,-4410
2026-03-20 11:14:36,-1164,2752,15700,1138,386,1713
2026-03-20 11:14:37,-3260,3940,17564,758,894,-1448
2026-03-20 11:14:38,-1660,3724,16300,638,-8,686
2026-03-20 11:14:39,-1096,3364,16040,308,238,332
2026-03-20 11:14:41,-768,3312,16964,40,892,-87
2026-03-20 11:14:42,-1148,2888,16360,216,344,-1593
2026-03-20 11:14:43,-1760,3004,16420,468,132,580
2026-03-20 11:14:44,9968,4304,12240,875,-567,535
2026-03-20 11:14:46,7492,3312,15056,-4612,3812,-2041
2026-03-20 11:14:47,5044,1740,16272,1651,129,-630
2026-03-20 11:14:48,3592,1968,16172,-920,-1491,-2800
2026-03-20 11:14:49,5836,1616,14412,-473,195,320
2026-03-20 11:14:51,4860,2588,15696,272,344,183
2026-03-20 11:14:52,3392,2884,15312,-906,674,104
2026-03-20 11:14:53,3972,2264,15892,1072,1384,3596
2026-03-20 11:14:54,4720,1464,15992,-1551,-647,-6076
2026-03-20 11:14:56,5096,1508,15996,3159,-945,6278
2026-03-20 11:14:57,5984,3648,14792,-763,2082,-869
2026-03-20 11:14:58,6668,1972,15976,506,3293,-62
2026-03-20 11:15:00,5816,2104,15504,830,870,-1176
2026-03-20 11:15:01,2716,2756,17260,9866,7502,1502
2026-03-20 11:15:02,1744,15608,-3752,7966,7306,-51
2026-03-20 11:15:03,948,-6736,-16260,8515,2712,-310
2026-03-20 11:15:05,-1568,-10260,-13780,-244,-2343,-3224
2026-03-20 11:15:06,5008,10864,-11648,-3306,-8001,-2614
2026-03-20 11:15:07,796,16044,284,2179,-4730,-4158
2026-03-20 11:15:08,-7996,10136,-4676,-3055,15130,8410
2026-03-20 11:15:10,936,17864,2068,6940,15835,-1695
2026-03-20 11:15:11,1344,16820,376,-3394,557,5205
2026-03-20 11:15:12,1120,15296,376,-1071,-165,-3121
2026-03-20 11:15:13,784,17200,608,571,-646,-2202
2026-03-20 11:15:15,1228,16284,280,2011,-913,-945
2026-03-20 11:15:16,1308,16444,700,2647,-2388,80
2026-03-20 11:15:17,940,16264,664,741,-886,327
2026-03-20 11:15:19,972,16644,756,570,-3751,-385
2026-03-20 11:15:20,1212,16732,1008,474,187,-780
2026-03-20 11:15:21,1068,16376,260,629,1353,317
2026-03-20 11:15:22,824,16004,1128,-343,8837,-4606
2026-03-20 11:15:24,1240,16452,1060,2151,20566,-113
2026-03-20 11:15:25,1264,16328,908,3097,-12305,3864
2026-03-20 11:15:26,1404,18088,708,-3066,189,-1568
2026-03-20 11:15:27,1440,15696,564,1816,3913,-151
2026-03-20 11:15:29,1220,14856,-828,-8487,-410,-8090
2026-03-20 11:15:30,17624,2080,3516,3493,3513,-1803
2026-03-20 11:15:31,15008,1296,2612,-6651,2351,-5196
2026-03-20 11:15:32,16192,-628,3440,-2980,934,-1680
2026-03-20 11:15:34,13812,956,4408,624,5629,-5260
2026-03-20 11:15:35,15348,2316,1456,1394,2711,-1063
2026-03-20 11:15:36,16376,3872,3032,-1754,-5,1130
2026-03-20 11:15:37,16044,3600,3420,-901,-79,-754
2026-03-20 11:15:39,16480,2524,2808,3540,867,871
2026-03-20 11:15:40,16672,2132,2472,-619,135,-384
2026-03-20 11:15:41,15808,1352,2920,2747,271,1229
2026-03-20 11:15:42,16440,2748,-1712,241,-2526,2586
2026-03-20 11:15:44,14208,-4040,712,1408,-135,-6319
2026-03-20 11:15:45,13824,7000,4664,14450,11790,-7324
2026-03-20 11:15:46,14192,9340,4760,938,-2160,-4111
2026-03-20 11:15:48,11636,11040,3612,-6890,-171,-1660
2026-03-20 11:15:49,10168,10216,7156,446,-746,-3285
2026-03-20 11:15:50,17380,12032,10020,-842,-2901,-1765
2026-03-20 11:15:51,15720,13004,9872,1966,-4345,-9798
2026-03-20 11:15:53,16868,928,10252,2630,-3491,-2082
2026-03-20 11:15:54,8668,1908,6032,-1856,4146,6256
2026-03-20 11:15:55,4552,7768,4224,-2624,1339,878
2026-03-20 11:15:56,1140,19708,2424,1247,7577,-5869
2026-03-20 11:15:58,2436,20316,18604,3986,10073,-2360
2026-03-20 11:15:59,1876,7456,8864,1611,5755,4377
2026-03-20 11:16:00,-8,10820,3508,157,2522,5693
2026-03-20 11:16:01,1316,10600,7548,2893,-997,4203
2026-03-20 11:16:03,756,20572,11020,4454,-8078,-7591
2026-03-20 11:16:04,6596,8260,11736,2171,-1577,-2100
2026-03-20 11:16:05,1696,7748,7908,-1196,-7372,910
2026-03-20 11:16:06,-12,14084,8940,-1894,21,-9597
2026-03-20 11:16:08,-2056,20372,18400,-2120,9429,-1854
2026-03-20 11:16:09,548,2796,9728,-1986,-4969,8026
2026-03-20 11:16:10,932,10152,7672,-726,3153,3825
2026-03-20 11:16:11,7356,18204,14732,4172,-12533,-1222
2026-03-20 11:16:13,6536,9512,12292,5827,-570,-6881
2026-03-20 11:16:14,2752,7476,7184,-1723,-4623,5031
2026-03-20 11:16:15,-1288,14136,9532,-5650,1750,520
2026-03-20 11:16:17,208,18308,12692,807,2037,-1678
2026-03-20 11:16:18,4124,4160,16248,2786,3697,6145
2026-03-20 11:16:19,-208,11632,8284,-2227,1533,2997
2026-03-20 11:16:20,-1336,15332,10200,708,-1246,6500
2026-03-20 11:16:22,1124,18272,13580,2281,2877,-534
2026-03-20 11:16:23,1940,8028,8556,-1511,-1619,-804
2026-03-20 11:16:24,2436,8080,5724,-986,-4849,161
2026-03-20 11:16:25,1112,16464,8464,-917,28,1933
2026-03-20 11:16:27,-4284,20304,11240,-200,-5108,-8171
2026-03-20 11:16:28,3824,7812,15968,3981,7193,122
2026-03-20 11:16:29,-3688,6888,7700,-4482,-1495,5185
2026-03-20 11:16:30,-1692,6892,9744,-4548,1153,2998
2026-03-20 11:16:32,-104,13152,10156,-1260,3573,-1986
2026-03-20 11:16:33,756,11856,11244,641,47,-304
2026-03-20 11:16:34,696,12284,10896,494,338,-387
2026-03-20 11:16:35,-1936,10024,13336,-274,-676,-2512
2026-03-20 11:16:37,944,11860,11108,2281,-210,131
2026-03-20 11:16:38,-172,12008,9972,2060,3721,2230
2026-03-20 11:16:39,404,12680,8264,5042,592,995
2026-03-20 11:16:41,2588,12408,10832,307,30,-2690
2026-03-20 11:16:42,212,13492,11128,-3133,5607,4655
2026-03-20 11:16:43,2664,13208,9412,-1375,4620,2357
2026-03-20 11:16:44,1396,14024,8608,865,854,1279
2026-03-20 11:16:46,852,13932,9672,414,-874,51
2026-03-20 11:16:47,4740,9944,7052,-4255,-6651,-4659
2026-03-20 11:16:48,-672,10396,6116,-2589,-3816,-4337
2026-03-20 11:16:49,-88,15708,11348,-4058,-31,-2372
2026-03-20 11:16:51,-1476,16684,8600,1179,1784,-1341
2026-03-20 11:16:52,224,13180,15324,7456,11497,513
2026-03-20 11:16:53,-1156,10044,4256,-2570,1540,3438
2026-03-20 11:16:54,19700,2104,3932,5153,-22049,8745
2026-03-20 11:16:56,25296,3900,-3232,-3836,-264,-6296
2026-03-20 11:16:57,8532,-4656,-416,-4031,-4568,-5642
2026-03-20 11:16:58,11728,1616,368,-6853,740,1553
2026-03-20 11:16:59,23312,944,9320,1897,3930,-2256
2026-03-20 11:17:01,12560,-7340,10552,4495,-12802,-8015
2026-03-20 11:17:02,5852,2212,-200,2683,404,2230
2026-03-20 11:17:03,4016,11824,11880,-940,-26214,-15947
2026-03-20 11:17:05,3032,14368,12340,-20986,-666,458
2026-03-20 11:17:06,1612,17092,748,81,494,-365
2026-03-20 11:17:07,1056,16500,-508,761,245,-509
2026-03-20 11:17:08,1088,16564,-176,308,236,-362
2026-03-20 11:17:10,1068,16868,456,462,216,-315
2026-03-20 11:17:11,1196,16580,-236,349,235,-371
2026-03-20 11:17:12,1144,16452,-132,310,270,-355
2026-03-20 11:17:13,1088,16488,-192,361,204,-372
2026-03-20 11:17:15,1100,16548,-40,268,226,-408
2026-03-20 11:17:16,1076,16540,-176,338,273,-361
2026-03-20 11:17:17,1180,16492,-208,357,245,-374
2026-03-20 11:17:18,1264,16628,-176,332,184,-362
2026-03-20 11:17:20,1156,16504,-188,348,221,-350
2026-03-20 11:17:21,1124,16500,-224,315,244,-354
2026-03-20 11:17:22,1188,16636,-200,316,253,-404
2026-03-20 11:17:23,1128,16528,-248,302,218,-315
2026-03-20 11:17:25,1092,16516,-188,329,231,-371
2026-03-20 11:17:26,1060,16500,-140,360,264,-400
2026-03-20 11:17:27,1160,16520,-108,372,236,-419
2026-03-20 11:17:28,1140,16532,-148,352,249,-330
2026-03-20 11:17:30,1056,16548,-136,312,270,-375
2026-03-20 11:17:31,1100,16500,-172,325,265,-362
2026-03-20 11:17:32,1132,16504,-64,334,245,-357
2026-03-20 11:17:34,984,14264,-16,425,374,-393
2026-03-20 11:17:35,968,16448,-208,494,215,-456
2026-03-20 11:17:36,920,16460,-136,160,264,-167
2026-03-20 11:17:37,980,15756,-348,446,306,-341
2026-03-20 11:17:39,1136,16424,-72,370,236,-527
2026-03-20 11:17:40,1060,16476,-324,290,226,-303
2026-03-20 11:17:41,1096,16712,-168,196,218,-227
2026-03-20 11:17:42,1132,16500,-168,312,217,-376
2026-03-20 11:17:44,936,16504,-300,359,223,-335
2026-03-20 11:17:45,1092,16476,-156,202,487,-236
2026-03-20 11:17:46,2804,16636,1444,-2981,-32280,-105
2026-03-20 11:17:47,760,16612,28,56,229,-903
2026-03-20 11:17:49,1236,16468,-280,584,178,223
2026-03-20 11:17:50,832,16440,112,218,8017,-1647
2026-03-20 11:17:51,768,16492,-184,110,141,-976
2026-03-20 11:17:52,344,16436,16,840,-835,1069
2026-03-20 11:17:54,416,16488,-44,269,262,-317
2026-03-20 11:17:55,-540,16704,-744,1883,9204,-773
2026-03-20 11:17:56,868,16236,-488,269,209,-242
2026-03-20 11:17:57,1144,16568,-44,396,237,-373
2026-03-20 11:17:59,1044,16428,-440,353,249,-398
2026-03-20 11:18:00,1196,16512,-156,390,241,-363
2026-03-20 11:18:01,1064,16508,-220,332,203,-379
2026-03-20 11:18:02,1088,16536,-180,343,217,-365
2026-03-20 11:18:04,1144,16560,-228,326,226,-369
2026-03-20 11:18:05,1116,16608,-160,319,233,-385
2026-03-20 11:18:06,1040,16468,-104,334,495,-310
2026-03-20 11:18:08,1140,16508,-244,361,266,-403
2026-03-20 11:18:09,1064,16472,-112,340,227,-339
2026-03-20 11:18:10,1136,16520,-208,326,242,-373
2026-03-20 11:18:11,1112,16524,-220,328,221,-339
2026-03-20 11:18:13,1096,16516,-244,354,246,-349
2026-03-20 11:18:14,984,16540,-184,333,507,-348
2026-03-20 11:18:15,1116,16460,-196,351,219,-332
2026-03-20 11:18:16,1096,16468,-452,374,260,-412
2026-03-20 11:18:18,1064,16484,-200,333,236,-404
2026-03-20 11:18:19,1092,16536,-208,346,229,-353
2026-03-20 11:18:20,1060,16492,-364,367,237,-470
2026-03-20 11:18:21,2244,15908,-1732,-2011,-6307,-993
2026-03-20 11:18:23,704,15000,1596,-17752,-1390,5447
2026-03-20 11:18:24,13532,2964,9992,2104,2170,-2316
2026-03-20 11:18:25,10796,-1960,11132,1521,12931,5436
2026-03-20 11:18:26,11488,-4112,10304,-6307,-1337,-5085
2026-03-20 11:18:28,14632,-284,10980,-339,5919,-3835
2026-03-20 11:18:29,19000,23316,3468,-335,11720,-5567
2026-03-20 11:18:30,936,3804,-13700,2816,-7723,-6327
2026-03-20 11:18:32,-9516,272,-17100,3095,4107,-687
2026-03-20 11:18:33,-7548,692,-14688,-1191,1151,-255
2026-03-20 11:18:34,-7560,4112,-15928,-529,-2983,-838
2026-03-20 11:18:35,-5536,836,-16632,223,172,-789
2026-03-20 11:18:37,-5500,1240,-15372,626,952,315
2026-03-20 11:18:38,6544,-844,-16076,-22,2438,430
2026-03-20 11:18:39,6756,-464,-16672,418,3040,-196
2026-03-20 11:18:40,492,140,-16704,333,104,-403
2026-03-20 11:18:42,-424,1024,-17500,450,-643,-608
2026-03-20 11:18:43,-1392,732,-16432,323,462,-930
2026-03-20 11:18:44,640,52,-16656,139,-1064,-291
2026-03-20 11:18:45,-2896,248,-16216,868,403,602
2026-03-20 11:18:47,-2604,-1364,-17172,-714,1084,-93
2026-03-20 11:18:48,-2968,228,-16612,355,-166,-391
2026-03-20 11:18:49,-4612,892,-15968,431,2278,-411
2026-03-20 11:18:51,2900,492,-17096,-475,-4275,-2807
2026-03-20 11:18:52,1928,-1428,-16736,-17,-3097,-2063
2026-03-20 11:18:53,-1016,-172,-16444,882,11457,-379
2026-03-20 11:18:54,17636,-1256,-6080,37,-927,-222
2026-03-20 11:18:56,15488,-1268,-7528,-567,-896,48
2026-03-20 11:18:57,13412,-380,-10392,145,-5107,-362
2026-03-20 11:18:58,8696,-392,-14768,1336,-198,-2377
2026-03-20 11:18:59,7428,-152,-15152,327,214,-365
2026-03-20 11:19:01,7260,-140,-15156,357,214,-362
2026-03-20 11:19:02,7284,-212,-15176,332,222,-362
2026-03-20 11:19:03,7288,-172,-15256,363,248,-362
2026-03-20 11:19:04,7192,-252,-15148,336,210,-398
2026-03-20 11:19:06,7532,-868,-14148,271,199,-369
2026-03-20 11:19:07,7440,-148,-15056,343,339,-365
2026-03-20 11:19:08,6504,140,-15204,-2021,8,4038
2026-03-20 11:19:09,7208,3884,-15376,-2348,2106,739
2026-03-20 11:19:11,10256,3612,-13288,-4699,-8877,27
2026-03-20 11:19:12,9352,4244,-13196,-2946,-7360,1437
2026-03-20 11:19:13,-7576,3860,-14476,-212,113,-5
2026-03-20 11:19:15,-7720,6280,-12916,479,854,-722
2026-03-20 11:19:16,9080,560,-14612,1136,5866,-789
2026-03-20 11:19:17,14156,3840,-10048,-275,1359,-224
2026-03-20 11:19:18,10956,1944,-12668,902,-289,13
2026-03-20 11:19:20,10932,36,-12508,-1552,-476,171
2026-03-20 11:19:21,11228,-24,-13068,783,335,-541
2026-03-20 11:19:22,8568,-2096,-15004,1846,4146,336
2026-03-20 11:19:23,9040,-4588,-10288,-6190,-381,-2033
2026-03-20 11:19:25,6968,-244,-15228,326,773,-396
2026-03-20 11:19:26,6844,-220,-15312,328,623,-385
2026-03-20 11:19:27,7044,-224,-15272,336,121,-406
2026-03-20 11:19:28,6928,-216,-15252,310,180,-397
2026-03-20 11:19:30,7372,-188,-15252,318,359,-361
2026-03-20 11:19:31,6956,-200,-15388,314,-16,-354
2026-03-20 11:19:32,6980,-472,-15448,283,-391,-389
2026-03-20 11:19:33,7116,-268,-15168,346,235,-381
2026-03-20 11:19:35,6884,-356,-15244,332,157,-385
2026-03-20 11:19:36,7160,-284,-15156,324,251,-373
2026-03-20 11:19:37,7048,-236,-15212,316,404,-352
2026-03-20 11:19:38,7544,-312,-15224,302,363,-324
2026-03-20 11:19:40,6912,-208,-15292,330,122,-362
2026-03-20 11:19:41,7096,-248,-15304,349,336,-394
2026-03-20 11:19:42,7044,-224,-15240,338,217,-371
2026-03-20 11:19:44,6980,-112,-15300,336,209,-373
2026-03-20 11:19:45,7036,-200,-15400,357,216,-371
2026-03-20 11:19:46,7072,-220,-15340,332,220,-379
2026-03-20 11:19:47,6972,-172,-15284,334,240,-355
2026-03-20 11:19:49,7028,-480,-15592,326,225,-366
2026-03-20 11:19:50,7000,-196,-15360,334,10,-388
2026-03-20 11:19:51,7044,-196,-15304,349,221,-390
2026-03-20 11:19:52,7096,-212,-15264,319,256,-365
2026-03-20 11:19:54,7028,-200,-15336,315,181,-335
2026-03-20 11:19:55,6928,-156,-15136,351,246,-355
2026-03-20 11:19:56,6876,-176,-15384,331,273,-358
2026-03-20 11:19:57,7000,-248,-15376,322,266,-382
2026-03-20 11:19:59,7272,-88,-15164,362,301,-376
2026-03-20 11:20:00,7056,-628,-15268,363,-211,-668
2026-03-20 11:20:01,7596,-188,-15036,321,-1021,-368
2026-03-20 11:20:02,6496,-68,-15348,1009,2620,-1693
2026-03-20 11:20:04,6676,-228,-15488,305,226,-403
2026-03-20 11:20:05,6724,-136,-15208,320,229,-383
2026-03-20 11:20:06,6924,-100,-15592,359,234,-360
2026-03-20 11:20:08,6760,-204,-15496,359,251,-368
2026-03-20 11:20:09,6884,-220,-15412,-252,218,987
2026-03-20 11:20:10,6768,-112,-15588,358,235,-350
2026-03-20 11:20:11,6724,-184,-15560,346,9,-362
2026-03-20 11:20:13,6708,-168,-15480,350,228,-422
2026-03-20 11:20:14,6668,-152,-15552,324,241,-372
2026-03-20 11:20:15,6732,-132,-15540,349,234,-354
2026-03-20 11:20:16,6780,-160,-15448,300,242,-386
2026-03-20 11:20:18,6456,-188,-15428,321,289,-323
2026-03-20 11:20:19,6728,-220,-15524,350,182,-380
2026-03-20 11:20:20,6752,-172,-15368,341,239,-391
2026-03-20 11:20:21,6496,-136,-15544,369,219,-367
2026-03-20 11:20:23,6756,-200,-15392,331,227,-388
2026-03-20 11:20:24,6756,-164,-15528,324,206,-353
2026-03-20 11:20:25,6680,-176,-15380,351,508,-373
2026-03-20 11:20:26,6676,-160,-15412,339,227,-360
2026-03-20 11:20:28,6708,-152,-15332,354,216,-366
2026-03-20 11:20:29,6748,-216,-15352,308,227,-295
2026-03-20 11:20:30,6708,-196,-15532,346,213,-361
2026-03-20 11:20:31,6592,-236,-15496,319,256,-422
2026-03-20 11:20:33,6756,-196,-15384,319,234,-376
2026-03-20 11:20:34,6820,-172,-15364,298,230,-385
2026-03-20 11:20:35,6480,-188,-15508,363,251,-370
2026-03-20 11:20:37,6852,-120,-15424,332,281,-359
2026-03-20 11:20:38,6712,-144,-15476,303,255,-390
2026-03-20 11:20:39,6696,-264,-15172,296,253,-354
2026-03-20 11:20:40,6596,-236,-15228,376,59,-399
2026-03-20 11:20:42,6668,-140,-15488,349,262,-391
2026-03-20 11:20:43,6612,-128,-15456,350,239,-395
2026-03-20 11:20:44,6676,-168,-15196,350,0,-383
2026-03-20 11:20:45,6716,-104,-15480,349,245,-368
2026-03-20 11:20:47,6668,-172,-15456,343,243,-364
2026-03-20 11:20:48,6564,-148,-15532,328,210,-380
2026-03-20 11:20:49,6620,-112,-15500,328,289,-352
2026-03-20 11:20:51,6904,-204,-15460,318,258,-347
2026-03-20 11:20:52,6748,-256,-15396,318,254,-399
2026-03-20 11:20:53,6720,-120,-15420,312,211,-398
2026-03-20 11:20:54,6656,-120,-15432,325,504,-377
2026-03-20 11:20:56,6636,-64,-15424,303,233,-365
2026-03-20 11:20:57,6704,-140,-15420,344,260,-332
2026-03-20 11:20:58,6716,-148,-15516,343,201,-367
2026-03-20 11:20:59,6908,-132,-15412,329,220,-380
2026-03-20 11:21:01,6540,-236,-15468,345,236,-365
2026-03-20 11:21:02,6604,-244,-15496,352,224,-390
2026-03-20 11:21:03,6700,-160,-15308,341,197,-347
2026-03-20 11:21:04,6628,-120,-15452,326,215,-374
2026-03-20 11:21:06,6692,-156,-15420,325,231,-372
2026-03-20 11:21:07,6684,-188,-15440,286,502,-379
2026-03-20 11:21:08,6704,-124,-15456,333,208,-351
2026-03-20 11:21:10,6644,-164,-15436,338,277,-361
2026-03-20 11:21:11,6432,24,-13952,360,240,-406
2026-03-20 11:21:12,6888,-132,-15496,342,239,-365
2026-03-20 11:21:13,6624,-100,-15364,322,245,-357
2026-03-20 11:21:15,6716,-196,-15468,311,255,-381
2026-03-20 11:21:16,6440,-152,-15524,303,231,-379
